"log.predict","predict"
"1",11.7165134303218,122579.298020925
"2",11.9742837414482,158622.705733042
"3",12.0482455817935,170799.491265591
"4",12.1170853609301,182971.441255145
"5",12.2560933727201,210258.577299498
"6",12.0765706694333,175706.570469699
"7",12.0077920016968,164027.930740193
"8",12.0200104647232,166044.393900979
"9",12.1299090886762,185332.926362467
"10",11.7183162685629,122800.487991925
"11",12.104651893147,180710.556181925
"12",11.5012677864434,98841.0008926001
"13",11.5059987615206,99309.7230866881
"14",11.8869198487497,145352.898709453
"15",11.7188223036956,122862.645078671
"16",12.8844009230085,394116.14259779
"17",12.5333504623169,277437.361486741
"18",12.6561802223303,313696.181714384
"19",12.6531895699458,312759.426932689
"20",13.2429014576358,564051.849298881
"21",12.6682745260205,317513.153886507
"22",12.2818318461103,215740.558374874
"23",12.1269517525606,184785.644253362
"24",12.0269746030964,167204.785911614
"25",12.0808696437488,176463.554464765
"26",12.2105790604047,200903.316806364
"27",12.8276692703147,372379.684618338
"28",12.4201002463959,247731.36846456
"29",12.259220411516,210917.093093518
"30",12.2334421780252,205549.503741062
"31",12.1908462502908,196977.788038727
"32",11.4730288548095,96088.8780153345
"33",12.0007644224656,162879.252402267
"34",12.5775886487849,289986.209906336
"35",12.551398552247,282490.034332408
"36",12.2728506529806,213811.625778199
"37",12.2055889143339,199903.277156562
"38",12.1068959564654,181116.537465776
"39",11.9674789679809,157546.97834531
"40",11.9247214653768,150952.6462132
"41",12.0605990737191,172922.547984171
"42",11.9605719402861,156462.546414577
"43",12.45352679426,256152.127307093
"44",12.3659522120235,234673.909894508
"45",12.2891685474324,217329.202994245
"46",12.2123357716945,201256.556110044
"47",12.4293211416968,250026.237589838
"48",12.2025074266613,199288.22579557
"49",11.9784025497931,159277.389590236
"50",11.8992950325774,147162.843652945
"51",11.9961040776624,162121.944952365
"52",12.0323651576779,168108.546132309
"53",11.9195934920279,150180.546412006
"54",11.9442841980186,153934.766580049
"55",12.1725331176199,193403.337265424
"56",11.8610429310434,141639.86187523
"57",12.0040458526913,163414.607188545
"58",11.9012231850789,147446.86979292
"59",12.2761377650801,214515.604955661
"60",11.8082147860119,134351.500962318
"61",11.8353440007037,138046.242791967
"62",12.003356673737,163302.02407987
"63",11.733920143265,124731.679269416
"64",11.6845700261826,118725.576145956
"65",11.7164457231787,122570.998807814
"66",11.6526377554792,114994.290177146
"67",11.6916400013826,119567.937252229
"68",11.8088341870987,134434.74420585
"69",11.8576397645304,141158.657114776
"70",12.0477202616863,170709.790421417
"71",11.5309482481264,101818.617362013
"72",11.4074828952388,89992.6154363469
"73",11.8992670343309,147158.723409047
"74",11.7550167049147,127391.041902979
"75",11.8308313275562,137424.688709001
"76",11.5935013188702,108391.106240535
"77",11.230731222323,75412.7186644366
"78",11.8412368104046,138862.124587772
"79",12.1075886459942,181242.03845637
"80",11.4369501335482,92683.9070079287
"81",11.7947613833778,132556.120194904
"82",11.9070325670355,148305.93788915
"83",12.114469460205,182493.431614759
"84",11.333203564247,83550.253175554
"85",11.6212341241225,111439.165949255
"86",11.7863361498982,131443.99546699
"87",11.7021356796189,120829.492708102
"88",11.8360754190337,138147.249278821
"89",11.7350554114334,124873.363584111
"90",11.8396310009792,138639.317420079
"91",11.587927996416,107788.687949332
"92",11.8087087011576,134417.875593856
"93",11.7854965145978,131333.676768585
"94",11.7018315705238,120792.752947141
"95",12.0080369743963,164068.118027381
"96",NA,NA
"97",11.6808217943604,118281.39812446
"98",11.5872291933673,107713.391197443
"99",11.2083741416598,73745.4178673593
"100",11.8027534947143,133619.768200886
"101",11.5908689519118,108106.156284852
"102",11.8237499244018,136454.966633689
"103",11.7053722285622,121221.196817874
"104",11.9518795580857,155108.408031547
"105",11.8659074380871,142330.548544064
"106",12.3479159237799,230479.205772237
"107",11.3572172075088,85580.8829794543
"108",12.3846265143528,239097.456206256
"109",11.7612038689727,128181.674543492
"110",11.784952492085,131262.247723
"111",11.6950477538362,119976.090230944
"112",11.8108851790251,134710.751728686
"113",12.2916252701682,217863.776969545
"114",11.8800083208509,144351.751807557
"115",12.2282195173756,204478.78686554
"116",12.3122810487906,222410.721591317
"117",12.1595344151641,190905.613582992
"118",11.8596768957541,141446.508919084
"119",11.920723821934,150350.395949852
"120",12.1565899338918,190344.322340317
"121",11.8092347107977,134488.599291275
"122",11.7324544463502,124548.994344993
"123",12.5678223411744,287167.900019258
"124",12.3320518448365,226851.714934497
"125",11.8041293034492,133803.729964208
"126",11.2980535761559,80664.4773776496
"127",11.564089600955,105249.563151344
"128",11.8255664089817,136703.060237311
"129",11.3933736604929,88731.8039581109
"130",11.8574756310138,141135.490149273
"131",11.5607884238366,104902.688563986
"132",11.5959538622108,108657.266377545
"133",11.7318697543227,124476.192826276
"134",11.8424505417183,139030.76822
"135",11.7618589588392,128265.672569691
"136",12.4128191646938,245934.16685622
"137",12.1882813077469,196473.198727922
"138",12.3151641368876,223052.87654522
"139",12.0824690867836,176746.023704362
"140",12.1406973120543,187343.163317163
"141",11.3217526651104,82598.9844889156
"142",11.7323671953654,124538.127796647
"143",11.0567615139848,63370.9931213376
"144",12.4872598826217,264940.322798705
"145",12.3550157051431,232121.380384267
"146",12.0176108622654,165646.431032562
"147",12.3179673394579,223679.016130093
"148",12.2848517936795,216393.068326727
"149",12.2160074897409,201996.871722453
"150",11.9655393832074,157241.698778499
"151",11.8391905799853,138578.271198116
"152",12.1051754214787,180805.188047
"153",12.0404228802814,169468.590234761
"154",11.5170810610753,100416.424256748
"155",11.3307064276826,83341.8770634727
"156",11.3808626237363,87628.5926460178
"157",11.4450925138696,93441.6553797206
"158",11.8312179723184,137477.833518504
"159",11.7663042956629,128837.125897394
"160",12.1657745270858,192100.610558002
"161",11.872876215611,143325.882574334
"162",11.9095199817627,148675.295445461
"163",12.4313668245439,250538.235489508
"164",12.1880228707498,196422.429345053
"165",11.7688014554456,129159.254823003
"166",12.070151495904,174582.291834018
"167",12.1066848919914,181078.314233002
"168",12.4741879412632,261499.576050277
"169",12.0928391645396,178588.430151523
"170",12.812189644879,366659.771850263
"171",12.3766154658002,237189.686695756
"172",12.443439172892,253581.150954061
"173",12.039302097645,169278.759180958
"174",12.0990649479138,179703.751302207
"175",12.0381903733224,169090.672436744
"176",12.0101207093196,164410.34893012
"177",12.1060219871885,180958.316326781
"178",12.1770971489139,194288.053549731
"179",12.1298749652468,185326.602275326
"180",12.4361219814686,251732.421134766
"181",12.1172879303621,183008.509430384
"182",12.3965465445296,241964.559127974
"183",12.4123907591128,245828.82985168
"184",12.3636522055843,234134.778630995
"185",12.1088887096631,181477.81787676
"186",11.9325229211483,152134.90226912
"187",12.0191602423559,165903.279241229
"188",11.863693292848,142015.756663708
"189",11.7970618631067,132861.41388869
"190",11.6229950354684,111635.573318186
"191",11.7484666406154,126559.349181294
"192",11.5216513462823,100876.406278927
"193",11.5232950269543,101042.35122108
"194",11.9335467600056,152290.743658231
"195",11.8372846849214,138314.407083601
"196",11.8874080992924,145423.884669196
"197",11.9577554737417,156022.49487327
"198",11.9437701724309,153855.660504209
"199",11.79626955863,132756.188886315
"200",11.9146250362557,149436.23158811
"201",13.0036582521333,444034.815724171
"202",12.9373823255306,415560.015935113
"203",12.869852108848,388423.729420314
"204",13.3168885988128,607367.059902077
"205",12.7232061032984,335442.590094446
"206",12.5654296279805,286481.610969852
"207",12.7876135287809,357758.525771412
"208",12.723918756467,335681.729520766
"209",12.5750716943388,289257.245595813
"210",12.7852441678935,356911.870125784
"211",12.4802341641993,263085.450227996
"212",13.0150913307875,449140.632683732
"213",12.6148203093075,300986.384746467
"214",12.5095014312131,270899.025612368
"215",12.1649942735901,191950.78184487
"216",12.1226030141726,183983.80458778
"217",12.2261806635531,204062.309222094
"218",13.1156506007163,496654.851833683
"219",12.8188437529553,369107.700959561
"220",12.745725475382,343082.243845779
"221",12.5105596633953,271185.851416754
"222",12.5297853230468,276450.019705542
"223",12.2259611202303,204017.513622151
"224",12.096699296663,179279.137340458
"225",12.0712450030877,174773.303241424
"226",12.0498003629161,171065.253637982
"227",12.0836550830984,176955.768190635
"228",12.1873210467385,196284.623731079
"229",12.1722640857927,193351.312610679
"230",12.1229361813027,184045.112156207
"231",12.0702230607267,174594.786231839
"232",12.3907439404691,240564.600226363
"233",12.0723500322964,174966.539592636
"234",12.0408648812346,169543.512069713
"235",12.0498199518388,171068.604654841
"236",12.5620950554315,285527.908233318
"237",12.0555939440973,172059.210577109
"238",12.7282665854267,337144.393668275
"239",12.6860024542944,323192.194382905
"240",12.4027490141052,243470.000846288
"241",12.5117550590326,271510.219636008
"242",12.4888133769666,265352.22595369
"243",12.4116254201937,245640.759458739
"244",12.4611564986982,258113.966940995
"245",12.2933828629005,218247.029462823
"246",12.0965765683585,179257.136066016
"247",12.3048836364996,220771.528155537
"248",12.2909489861161,217716.488981526
"249",12.5138888866266,272090.194197515
"250",12.3481581733134,230535.046015691
"251",12.4072703095477,244573.292926773
"252",12.5443461425658,280504.807424372
"253",12.4739273039538,261431.428385674
"254",12.3231891669346,224850.084259343
"255",12.2528001945064,209567.297212498
"256",12.1667479222942,192287.691408873
"257",12.100041726681,179879.367866161
"258",11.9467721332646,154318.223121137
"259",12.2505205770527,209090.108055069
"260",12.2785788725737,215039.900276676
"261",12.008016015761,164064.679419558
"262",11.7783686116933,130400.871494613
"263",11.8931938768652,146267.713669165
"264",12.3250658943643,225272.46280077
"265",12.368895404189,235365.617722785
"266",12.1267930603409,184756.322535928
"267",12.0367410375334,168845.78078158
"268",12.0250812120566,166888.501387785
"269",12.0046551462042,163514.204987693
"270",11.9093503459153,148650.076924771
"271",11.7630055983238,128412.831407312
"272",11.7319875607333,124490.857783559
"273",11.7039591082318,121050.017657027
"274",11.7270000022178,123871.498175776
"275",11.6842117190615,118683.043546882
"276",11.6389493725401,113430.928653733
"277",12.5078959629847,270464.454771812
"278",12.2926492715117,218086.984032527
"279",12.4291191166818,249975.731137384
"280",12.3246322028198,225174.785220951
"281",12.1034406790949,180491.80951818
"282",12.0490572078376,170938.172852204
"283",12.0830130784783,176842.198230025
"284",12.6398026967048,308600.456047437
"285",12.4281639980695,249737.088648038
"286",12.4133389118508,246062.02366399
"287",12.3003821209777,219779.955159789
"288",12.3662828826931,234751.522504836
"289",11.882840209205,144761.119220221
"290",11.7772582537059,130256.160200929
"291",12.3400813407049,228680.552337632
"292",11.6985028661099,120391.338043667
"293",12.0176150882176,165647.131047937
"294",12.1331270319301,185930.277808623
"295",12.0444095044444,170145.546299576
"296",11.6512537441925,114835.246865885
"297",11.6874925667914,119073.063989876
"298",11.8836150449615,144873.32877792
"299",11.9441726547636,153917.597152706
"300",12.0038838979944,163388.143568396
"301",11.8157405013155,135366.406263307
"302",12.0914904744085,178347.732048308
"303",12.0819370668217,176652.016300693
"304",11.7037548389308,121025.293379834
"305",12.1041420505251,180618.445721068
"306",12.0560606738129,172139.534466846
"307",12.1852022922281,195869.185060922
"308",11.7802925504504,130651.996282143
"309",12.0103611248989,164449.88049122
"310",11.8845119709825,145003.327727249
"311",11.7034641860503,120990.122141256
"312",11.9066354065643,148247.048328046
"313",11.6650125460002,116426.161711868
"314",12.0407693802804,169527.321275667
"315",11.8525793858106,140446.145160833
"316",11.7447811542183,126093.774882317
"317",11.5821802154183,107170.919277257
"318",11.8303569865961,137359.518008005
"319",11.7920761201553,132200.649600084
"320",11.9517078751955,155081.780857553
"321",11.7698149551114,129290.224042029
"322",11.4886660492356,97603.2478730765
"323",11.8736755016126,143440.486740589
"324",11.5313628978184,101860.845174614
"325",11.727992752095,123994.532651512
"326",11.9679493237362,157621.098903451
"327",11.9469273136995,154342.172148275
"328",10.9828144714919,58853.9641990924
"329",11.4679503430007,95602.1265463382
"330",11.404898391777,89760.3295114047
"331",12.2388904792756,206672.455671704
"332",11.9648804301675,157138.11801426
"333",11.7524016106353,127058.337534307
"334",11.913452116935,149261.057697362
"335",11.854151638637,140667.135690475
"336",11.8448470496922,139364.356128033
"337",11.5987415066979,108960.586785455
"338",11.7542138137091,127288.801805095
"339",11.5946027686805,108510.55937768
"340",11.7494578748711,126684.86133928
"341",11.7765929398605,130169.52779617
"342",11.8477119103744,139764.188050321
"343",12.0356010254087,168653.404220933
"344",11.8050192951302,133922.86717847
"345",11.8201679633949,135967.064608687
"346",11.8111933307038,134752.269469522
"347",11.6315837498123,112598.5086369
"348",11.6736947681079,117441.400393388
"349",11.6401877677729,113571.487991083
"350",11.7213633272919,123175.238944918
"351",11.342569043594,84336.4170003007
"352",11.462191182322,95053.1209614772
"353",11.7095091600234,121723.719334661
"354",11.5275578215984,101473.993361965
"355",11.0720884341287,64349.756828532
"356",11.4567620379625,94538.4621884907
"357",11.6966282769183,120165.865143171
"358",11.9079723775819,148445.382889341
"359",11.82899969604,137173.207698639
"360",10.942800924071,56545.5012038429
"361",11.5424185052004,102993.226735543
"362",11.8799932463539,144349.575793914
"363",10.6924046497754,44020.2330730888
"364",11.737122031818,125131.696268635
"365",11.8296164738857,137257.839190905
"366",11.6375768298801,113275.346661085
"367",11.6306195880984,112489.997785245
"368",11.8233204214898,136396.371412478
"369",11.8751628040613,143653.984856542
"370",11.8800878818786,144363.237038172
"371",11.8622159001829,141806.098538306
"372",11.0225353988634,61238.7475991865
"373",11.8731240279695,143361.404900583
"374",11.8232404116929,136385.458803069
"375",11.840680228815,138784.857990303
"376",11.9084058725785,148509.74716988
"377",11.3605237616359,85864.32915809
"378",11.6527375987941,115005.772161453
"379",11.5353550291486,102268.299811027
"380",11.7061497840536,121315.489679349
"381",11.7482612004439,126533.351477467
"382",11.4554675740891,94416.1647364367
"383",11.772572962244,129647.299584211
"384",11.9112497192368,148932.687221387
"385",11.9484076871994,154570.825414208
"386",11.914776000932,149458.792883371
"387",12.1121358868843,182068.066315133
"388",11.026018468149,61452.4182989442
"389",11.4655359529891,95371.5841485448
"390",11.7159130159121,122505.721734409
"391",11.8237832629901,136459.515925471
"392",11.7754972921781,130026.985956795
"393",11.7400302912328,125496.14139601
"394",12.0176490023582,165652.748923295
"395",11.9407305260464,153388.70375325
"396",12.2635445404508,211831.100517398
"397",11.582888617283,107246.866253631
"398",11.9389547634516,153116.563530391
"399",11.6925115462204,119672.191495227
"400",11.8882867351243,145551.715455203
"401",11.686437739291,118947.528668117
"402",12.4974820425539,267662.474582615
"403",12.453752318495,256209.902334225
"404",12.453752318495,256209.902334225
"405",12.6953973925793,326242.873133613
"406",12.6310116880605,305899.436508696
"407",12.368623218395,235301.563263001
"408",12.4643975692067,258951.889656896
"409",12.1866876895232,196160.344809024
"410",12.2794838656326,215234.597980574
"411",12.3598113609857,233237.228110577
"412",12.0418966958121,169718.539819552
"413",12.4726306129093,261092.652285162
"414",11.8976207383079,146916.655900009
"415",12.2140635263682,201604.57862767
"416",12.1246607746327,184362.788981983
"417",12.2208491587302,202977.245118792
"418",12.1498757109035,189070.588965593
"419",11.7836591138999,131092.585737474
"420",11.7680481934269,129062.000695503
"421",12.4431544392629,253508.958151027
"422",12.4295463816709,250082.559835883
"423",12.2059866762413,199982.806881277
"424",12.2820037767723,215777.653980741
"425",12.1924397418169,197291.920692187
"426",12.4377793151155,252149.971661015
"427",12.1786844558287,194596.693208718
"428",12.3978068641093,242269.704049112
"429",12.0345060225439,168468.829333602
"430",11.6752936037831,117629.320080401
"431",11.8450093547146,139386.977498707
"432",11.6442669291206,114035.710590833
"433",11.6801360281121,118200.312539885
"434",11.807249331312,134221.853268837
"435",11.800719053438,133348.202964557
"436",11.6694912465054,116948.769048446
"437",11.6623862006371,116120.787586401
"438",11.6570685256824,115504.933888669
"439",12.0302780200125,167758.046351679
"440",11.9690445197498,157793.819466803
"441",12.0227737730431,166503.860287387
"442",12.020756602215,166168.332080269
"443",12.3370468033777,227987.664494293
"444",11.7998725982814,133235.377448138
"445",12.2170253727676,202202.585588198
"446",11.6099292850913,110186.458286905
"447",12.3300626202098,226400.904446848
"448",11.6911391522192,119508.066745186
"449",11.8469564588073,139658.642847589
"450",11.7539255573781,127252.115289918
"451",12.3263966056168,225572.434945784
"452",12.6704596021719,318207.702851655
"453",11.8287780446713,137142.806438766
"454",10.8356745375584,50801.1635361118
"455",12.6817085561676,321807.415202866
"456",NA,NA
"457",12.3883741686243,239995.191960206
"458",11.8350142145007,138000.724551767
"459",11.9472377767299,154390.097125849
"460",12.0191729461586,165905.386857143
"461",12.8459313762511,379242.596748298
"462",12.6826865678535,322122.300571214
"463",12.3210756764968,224375.367587608
"464",12.2853636115652,216503.850517158
"465",12.2707375134463,213360.289015606
"466",12.8300783631502,373277.863312192
"467",11.7698124927837,129289.905687512
"468",12.0382855900436,169106.773462693
"469",11.7172610699527,122670.977429364
"470",11.8670144452054,142488.196717183
"471",11.8782075708558,144092.044295531
"472",11.8521810872045,140390.216795806
"473",12.0622013619403,173199.841838997
"474",12.0917532262289,178394.599396547
"475",11.9980268577036,162433.969673676
"476",12.0937691926557,178754.599671959
"477",12.1325443119741,185821.964086675
"478",12.0461587399661,170443.431392656
"479",12.4440672234172,253740.462751786
"480",12.2560933727201,210258.577299498
"481",12.0207555319807,166168.154241325
"482",12.0540813561444,171799.152617846
"483",12.3275279918348,225827.788914595
"484",12.7948459415211,360355.362468989
"485",12.8531610531644,381994.333291934
"486",11.8698397379954,142891.336818269
"487",11.8027416059593,133618.179637632
"488",11.9651340749378,157177.980331335
"489",12.3653353186519,234529.185759292
"490",12.0828990935343,176822.042030729
"491",12.470943296522,260652.477835587
"492",12.3124848229232,222456.047761188
"493",12.0015361707782,163005.002708021
"494",12.1447491745684,188103.791998645
"495",11.8340398918756,137866.332804647
"496",12.6007682073082,296786.471283684
"497",12.0505829870373,171199.185834231
"498",12.4920332014837,266207.99052303
"499",11.8984411986529,147037.24465258
"500",11.6452680393584,114149.930071787
"501",11.7801623862161,130634.991171835
"502",11.5216513462823,100876.406278927
"503",11.5362324643632,102358.072997936
"504",11.5707426942151,105952.13284992
"505",11.9162092782991,149673.162377298
"506",11.8612099875317,141663.525709693
"507",12.5460752816845,280990.258845432
"508",12.9075122589265,403330.764116944
"509",12.8043397989696,363792.816441011
"510",12.9132873101905,405666.758707952
"511",13.1160606577207,496858.550395623
"512",12.8381758894322,376312.761622087
"513",12.5477792875469,281469.476072306
"514",12.6933118800626,325563.198519532
"515",13.1585532463717,518426.346976522
"516",12.4770673936889,262253.63675883
"517",12.7312918070769,338165.874511159
"518",12.8171327963119,368476.713636382
"519",12.7789608015517,354676.292924489
"520",12.2922080385764,217990.778098584
"521",12.7670569511104,350479.309072335
"522",12.2951841626539,218640.512066829
"523",12.2951841626539,218640.512066829
"524",12.1472903316324,188582.401131399
"525",12.1830415154179,195446.412391194
"526",12.2022863755209,199244.177774603
"527",12.1376118795129,186766.019451735
"528",12.0785909509395,176061.906022605
"529",12.1945076577052,197700.325917913
"530",12.2750436241941,214281.023017853
"531",12.2526437018908,209534.50404403
"532",12.2370571133829,206293.896565234
"533",12.0775108771558,175871.84882998
"534",12.3277791985239,225884.525491759
"535",12.1463517695874,188405.487882363
"536",12.5476718644896,281439.24138464
"537",12.7044999323129,329226.068578658
"538",12.6451706846777,310261.473756929
"539",12.4499860540996,255246.762958576
"540",12.6674641749874,317255.960996575
"541",12.3878917048547,239879.430902706
"542",12.3078301413588,221422.991835152
"543",12.4558298067267,256742.728669764
"544",12.4529139335448,255995.189826459
"545",12.2705103336677,213311.823377788
"546",12.3345481420318,227418.711635939
"547",12.4414524879704,253077.865205706
"548",12.1917054760959,197147.109169372
"549",12.1570259273604,190427.329315587
"550",12.1718998477867,193280.89953845
"551",11.8629658372651,141912.484076327
"552",12.1245520975783,184342.754065818
"553",12.0989672145292,179686.189104571
"554",12.1209558774906,183681.007556855
"555",12.2520654695754,209413.379445062
"556",12.1614135396731,191264.686265852
"557",12.1929624992094,197395.083464405
"558",11.6647780640635,116398.865080396
"559",11.7479827886957,126498.128009421
"560",11.5096181502394,99669.814841015
"561",11.5891770471992,107923.40561152
"562",12.185037185728,195836.848454862
"563",11.9557998970493,155717.679061284
"564",12.4675435983538,259767.842682457
"565",12.8333736911844,374509.965294846
"566",12.1394477499171,187109.212592037
"567",11.9637494521358,156960.498715545
"568",12.0180315078754,165716.124133613
"569",11.9751107386751,158753.940528727
"570",12.4784289478242,262610.952479601
"571",12.2627937602791,211672.121613952
"572",12.3968807906119,242045.448351623
"573",12.4286926270192,249869.1418034
"574",12.0548199360729,171926.086893498
"575",12.2586973960775,210806.809040216
"576",12.1581655688085,190644.471901776
"577",12.2564164597326,210326.52009023
"578",12.7304285594315,337874.07958
"579",12.3610502357401,233526.358885717
"580",12.8182339274801,368882.678299678
"581",12.5671323351307,286969.820778463
"582",12.250928307864,209175.377916851
"583",12.0748896637897,175411.454848133
"584",12.0607256468657,172944.436720422
"585",12.2384381068123,206578.98388747
"586",12.0212288025192,166246.815345681
"587",11.8350028644542,137999.158246013
"588",11.8514036058911,140281.10844602
"589",12.0094526730743,164300.553535669
"590",12.0651984420312,173719.714297274
"591",11.5772579541196,106644.692185056
"592",11.7263742080076,123794.004359535
"593",11.8769213618942,143906.830953923
"594",11.5321909682707,101945.228063419
"595",11.9028366862206,147684.967519485
"596",11.8342034423097,137888.882747203
"597",11.6735157388175,117420.376824794
"598",12.2030421274078,199394.813852494
"599",11.7915418420367,132130.036550917
"600",12.0038322626065,163379.707176028
"601",11.9817959144663,159818.793928964
"602",11.7812324620351,130774.85533629
"603",11.6453039667093,114154.031250052
"604",11.8563020528725,140969.953777003
"605",11.7427449173541,125837.279321035
"606",12.040273382456,169443.256942719
"607",11.4237146928784,91465.2769978731
"608",12.0011404067629,162940.503957631
"609",11.3029602598984,81061.2450681498
"610",11.6309122176051,112522.920494652
"611",11.5434492956906,103099.44590967
"612",11.950566588623,154904.889064729
"613",11.7446863218615,126081.817679433
"614",11.9852584395875,160373.129664669
"615",11.8970299129831,146829.879456449
"616",11.621367309958,111454.009056101
"617",11.8589418393607,141342.575961348
"618",11.7467457993169,126341.74790883
"619",11.8021777630568,133542.86121128
"620",11.7341321837738,124758.130242381
"621",11.817110720822,135552.015087071
"622",11.6398634551271,113534.66129332
"623",11.9070788636037,148312.804104061
"624",11.6493778432935,114620.029249622
"625",11.7622437128712,128315.032799542
"626",11.461008974436,94940.8148099728
"627",11.7136722276684,122231.519682464
"628",11.5639843485661,105238.485966357
"629",11.4624882455467,95081.36194257
"630",11.8566258152221,141015.601929638
"631",11.6734392554648,117411.396464119
"632",11.5965769127646,108724.986441861
"633",11.613383609831,110567.736245564
"634",11.7240168001931,123502.515120758
"635",12.0148469163107,165189.225386513
"636",11.3469334331638,84705.2983644614
"637",11.536586389475,102394.306501957
"638",11.8649458340217,142193.748694142
"639",10.9976112163238,59731.2860364314
"640",11.1014640383918,66268.1082378224
"641",11.6814791582354,118359.177604583
"642",11.7068240471637,121397.315821788
"643",11.5498588305499,103762.387706895
"644",11.9855735936133,160423.679867241
"645",11.6912566543726,119522.11002542
"646",11.1622855282629,70423.7278203709
"647",12.2534655787693,209706.786395888
"648",11.6109832155497,110302.648368782
"649",11.6673145362654,116694.48231997
"650",11.754697048927,127350.327101365
"651",11.7522486164776,127038.899837934
"652",11.9031104035524,147725.39698762
"653",11.7531310529131,127151.053068656
"654",11.6950383588421,119974.963061586
"655",11.9937590244102,161742.20578641
"656",11.7354599275023,124923.887084347
"657",12.0008581159178,162894.513836655
"658",11.779586499944,130559.781931831
"659",11.7282715405465,124029.105714322
"660",11.6784964693174,118006.674961401
"661",NA,NA
"662",11.6136163175372,110593.469203857
"663",11.3404453446084,84157.5018852327
"664",12.0208629856383,166186.010576613
"665",11.8174226791302,135594.308260875
"666",12.0836500574258,176954.878871107
"667",12.0397565285764,169355.702166463
"668",11.7352048581744,124892.026895883
"669",11.5597321685381,104791.943041436
"670",11.7160477215004,122522.225051238
"671",11.9164170395489,149704.261891094
"672",11.7228256452448,123355.492069749
"673",11.7531637550866,127155.211252442
"674",11.6173983386985,111012.527989774
"675",11.5110896418819,99816.5861004107
"676",11.278680785621,79116.8209688153
"677",11.5126343253541,99970.890276092
"678",11.7414345738548,125672.497244247
"679",11.9418155541652,153555.225133789
"680",11.830355865316,137359.363989602
"681",11.9092102333581,148629.250641412
"682",11.7877006846168,131623.477789443
"683",11.9875827496521,160746.320081146
"684",11.7417461037666,125711.654085171
"685",11.7594820554993,127961.159506588
"686",11.89156349499,146029.435734667
"687",11.846496270743,139594.388392783
"688",11.8081038356079,134336.595435919
"689",11.9153211715167,149540.295635308
"690",12.2634977942433,211821.19844826
"691",11.7074456075535,121472.795039755
"692",11.9077748364903,148416.061722534
"693",11.9169610078294,149785.718413891
"694",11.4382073892801,92800.5076643277
"695",11.8280583197273,137044.136851823
"696",12.5721593009589,288416.04026368
"697",12.2696916459746,213137.259079783
"698",12.3863039169751,239498.855466243
"699",12.3043499095972,220653.727891075
"700",12.1085800920675,181421.819270476
"701",12.4229037049946,248426.847517524
"702",12.859486283404,384418.193054525
"703",12.6860721254576,323214.712343417
"704",12.4268676557998,249413.553655056
"705",12.1605040068808,191090.803849554
"706",11.9154097147451,149553.537002062
"707",12.1933323649074,197468.106638281
"708",12.1726613090908,193428.13151288
"709",12.1729080913988,193475.872044116
"710",12.2614051963999,211378.40532074
"711",11.8465167981432,139597.253932074
"712",11.7653916273082,128719.593971668
"713",11.9438324176609,153865.237583244
"714",12.3839062918735,238925.314841032
"715",12.5292387196817,276298.952485187
"716",12.5498861026409,282063.105326944
"717",12.5120156292397,271580.976328296
"718",12.2706326043549,213337.906755609
"719",11.8085264143065,134393.375215709
"720",12.1678349879404,192496.834407879
"721",12.2041425396256,199614.351110414
"722",12.3457526949846,229981.165399442
"723",12.2055555369252,199896.605014526
"724",11.6412190590338,113688.673690036
"725",11.6601538856495,115861.858525035
"726",11.8840502413626,144936.39085042
"727",11.972853702145,158396.031144871
"728",11.9284286327594,151513.29150044
"729",12.5346812596528,277806.82017106
"730",11.2644895770599,78001.9867935794
"731",11.2202084626551,74623.3293112316
"732",11.3690127008662,86596.3287847581
"733",11.6297086807041,112387.576469729
"734",11.4944710233901,98171.4798948037
"735",11.5956630161336,108625.668433158
"736",11.5664510384616,105498.397104612
"737",11.7229568895461,123371.682837572
"738",11.9455423326525,154128.559124233
"739",11.8888139405724,145628.471343859
"740",11.8917993571089,146063.882609
"741",11.9821300164289,159872.198622495
"742",12.1828635132667,195411.625605503
"743",12.1066418563021,181070.521570599
"744",12.1940980288247,197619.358739108
"745",11.8894685283127,145723.829162465
"746",11.8271946665969,136925.829349702
"747",12.3742713964945,236634.348761132
"748",12.3813166749051,238307.39023089
"749",12.3358962922816,227725.512989539
"750",11.7353208129271,124906.509559624
"751",11.6722580465631,117272.79095461
"752",11.7481056594836,126513.671888997
"753",11.5762718231218,106539.578384849
"754",11.6285167574746,112253.698908366
"755",11.5980319164924,108883.296845618
"756",11.9671473900954,157494.747911061
"757",NA,NA
"758",10.9127202780629,54869.9038683884
"759",10.9680577923408,57991.8517355302
"760",10.9177984743213,55149.2527026878
"761",12.6904008969267,324616.867583916
"762",12.5587818746764,284583.468077123
"763",12.4959509796196,267252.980049835
"764",12.2602539402289,211135.194652952
"765",11.6998924921628,120558.753278903
"766",12.0531570853959,171640.437045848
"767",12.1540878033801,189868.651347282
"768",12.447796871421,254688.592357973
"769",12.4228070509882,248402.837227778
"770",12.0033265043787,163297.097436904
"771",12.3186694530785,223836.119359669
"772",12.1465569350335,188444.146143859
"773",12.1018621457254,180207.12192747
"774",12.3252024141621,225303.219051214
"775",12.29810984259,219281.120877435
"776",12.4855570423782,264489.55565606
"777",12.6237202279024,303677.094858794
"778",12.1221081757894,183892.784861272
"779",11.5918842346084,108215.970331442
"780",11.8800136419582,144352.519920758
"781",12.0058409837561,163708.221285397
"782",11.6060217285254,109756.738592144
"783",11.6274564779249,112134.741682132
"784",11.4752115578239,96298.8405586088
"785",11.4026258525436,89556.5772461851
"786",11.813714452156,135092.42491324
"787",11.4971923503875,98439.00043375
"788",11.6867667726332,118986.672810536
"789",11.7537290131707,127227.107081465
"790",11.7717555482041,129541.36736244
"791",NA,NA
"792",12.1083818385892,181385.855328875
"793",11.9868353371742,160626.22116305
"794",12.0990002656656,179692.128035471
"795",12.0400818550527,169410.807023333
"796",12.106327972784,181013.695437139
"797",12.2936121177874,218297.069396607
"798",12.076205098299,175642.348958907
"799",12.1125463701869,182142.817557316
"800",11.920210653144,150273.260612497
"801",12.1615389445205,191288.673288667
"802",12.2622736098727,211562.048903518
"803",12.805604504898,364253.198435204
"804",13.1178647980886,497755.762068057
"805",11.9402420100953,153313.78922471
"806",12.58279098689,291498.7471699
"807",12.8067140389368,364657.57405038
"808",13.0902245582865,484186.072090682
"809",11.9334666693681,152278.547083912
"810",12.0920928716363,178455.200593797
"811",12.2550131602374,210031.575986618
"812",12.1184092189309,183213.829870233
"813",11.9704810632983,158020.660054332
"814",12.0418020331135,169702.474564975
"815",12.1089142338911,181482.450017084
"816",12.1729564322234,193485.225053375
"817",12.1084103773328,181391.031927158
"818",11.888788059816,145624.702417645
"819",11.8949903567615,146530.716845486
"820",11.6207430320494,111384.452493993
"821",12.064916497698,173670.741912325
"822",12.090174680967,178113.217592308
"823",11.5554023514059,104339.193958821
"824",11.7134064593271,122199.038730614
"825",11.8408082366644,138802.624678627
"826",11.7722649174953,129607.368564978
"827",12.7512331073797,344977.027686207
"828",12.5658894492533,286613.371599703
"829",12.77363758687,352793.291132649
"830",13.0849457536329,481636.882656242
"831",12.7726537708092,352446.378103947
"832",12.9159879880876,406763.81468741
"833",13.1214583991918,499547.715578402
"834",13.0027080766544,443613.105111736
"835",13.2106019754721,546124.349684755
"836",12.672393774483,318823.766974721
"837",12.6717051971752,318604.307729599
"838",12.8545714336628,382533.470755245
"839",12.9746239237902,431327.92376375
"840",12.6583917271803,314390.690012844
"841",12.5665811292343,286811.684907895
"842",12.4582833545877,257373.432657325
"843",12.4902028052442,265721.170091296
"844",12.5694087491183,287623.827004559
"845",12.1450574162792,188161.782370366
"846",12.1185943779414,183247.756702512
"847",12.1634100721946,191646.93389014
"848",12.4443053310369,253800.887482922
"849",12.562599318368,285671.925683068
"850",12.3125308356134,222466.283797883
"851",12.2259611202303,204017.513622151
"852",12.1353102232959,186336.642610442
"853",12.0761421253732,175631.288594567
"854",12.1291805051137,185197.945017288
"855",12.1094112627151,181572.674445999
"856",12.1576318236129,190542.743481774
"857",12.1162991159246,182827.637413249
"858",12.1182769906519,183189.605422431
"859",12.1413083902619,187457.679627256
"860",12.1732530796289,193542.63045756
"861",12.2845111425351,216319.366334395
"862",12.1492668519983,188955.50669178
"863",12.1282588830663,185027.341136249
"864",12.0002358848478,162793.187336533
"865",12.3010727410373,219931.792030272
"866",12.0959145464382,179138.503185692
"867",12.2603930511234,211164.567901769
"868",12.2767038439374,214637.072080935
"869",12.1163047878419,182828.674399427
"870",12.1093163371166,181555.439369248
"871",12.7750399542166,353288.383994101
"872",12.8831763194002,393633.801945821
"873",12.6811321535459,321621.978013421
"874",12.4889700081178,265393.791633458
"875",12.4626631706806,258503.153137607
"876",12.6900647248625,324507.758802145
"877",12.2045236414513,199690.439001755
"878",12.3798502137794,237958.177822948
"879",12.2213945415617,203087.975615992
"880",12.8902156274438,396414.487101424
"881",12.2267012031661,204168.559388891
"882",12.3134505144018,222670.975431064
"883",12.2836726197031,216138.053634774
"884",12.2312965767489,205108.949259642
"885",12.4401540649642,252749.476323142
"886",12.3220439981777,224592.740347101
"887",12.2602214411074,211128.333056123
"888",12.3812726679943,238296.903289576
"889",12.1446647109088,188087.904734954
"890",12.5732169797653,288721.253177045
"891",12.5468774368183,281215.747050281
"892",12.468743354994,260079.687908416
"893",12.4184191629323,247315.261211132
"894",11.9321056730956,152071.437518585
"895",12.0042271841698,163444.242087674
"896",11.887836141672,145486.145579034
"897",12.2613713864503,211371.258748327
"898",12.2200750134819,202820.172055513
"899",11.8068097920768,134162.870461684
"900",11.7357863036471,124964.665915261
"901",11.8570554401488,141076.198763303
"902",12.5714968721268,288225.048429199
"903",11.7637559177275,128509.218202319
"904",11.835460400698,138062.312309066
"905",12.2265257809545,204132.746829906
"906",12.1724078520029,193379.111994385
"907",12.3375197337397,228095.512283225
"908",12.1945047448582,197699.750047949
"909",12.3918435131265,240829.263964945
"910",11.9618587962836,156664.020787269
"911",12.0157420219064,165337.15338222
"912",12.2208975924525,202987.076300401
"913",12.4497691465318,255191.404008148
"914",12.6386729689015,308252.018389052
"915",12.3908483312548,240589.714264805
"916",12.6492908736509,311542.446773198
"917",12.8419379310263,377731.132195399
"918",11.9578860290393,156042.865766253
"919",12.2629653136769,211708.43780063
"920",11.9169827487479,149788.974928399
"921",11.9853297296242,160384.563078504
"922",12.1786702204632,194593.923073381
"923",12.2444219276458,207818.821298014
"924",12.3153553386701,223095.528730269
"925",11.906436271964,148217.530150481
"926",11.7972030674692,132880.175824546
"927",11.842048528733,138974.887278992
"928",11.4348077774986,92485.55762241
"929",11.7330454949568,124622.630613726
"930",11.9682842779931,157673.903604592
"931",11.8639569770965,142053.208919342
"932",11.7040426458684,121060.130311809
"933",12.0929487332021,178607.998918999
"934",11.8888379008359,145631.960682212
"935",12.1921517746888,197235.11528382
"936",11.9193973551594,150151.093358425
"937",12.1742280061206,193731.412304522
"938",11.7650606393862,128676.996390778
"939",11.2487152002812,76781.2078914577
"940",11.1835835423226,71939.6996563799
"941",11.7015190624342,120755.010132447
"942",11.7787134122258,130445.841536957
"943",12.0023126853273,163131.627620883
"944",11.8827343988935,144745.802811438
"945",11.9962792021557,162150.338962
"946",11.8433691332819,139158.539386542
"947",11.7032951861285,120969.676547775
"948",11.8767116709362,143876.658156274
"949",11.8121518564187,134881.49490801
"950",12.0260944739243,167057.688843537
"951",11.6898473790826,119353.789102262
"952",11.8797271825039,144311.174698826
"953",11.8273825312571,136951.555290526
"954",11.9254931511288,151069.179177135
"955",11.9107027232216,148851.243911551
"956",11.7750588965451,129969.995187136
"957",11.7918627176777,132172.440663949
"958",11.788044989538,131668.804203189
"959",11.8296666398927,137264.725041336
"960",11.7137088243951,122235.993037835
"961",11.7892292946818,131824.832619677
"962",11.5743228432025,106332.137101084
"963",11.6033694345147,109466.017161529
"964",12.0471754037446,170616.803171109
"965",12.350264544269,231021.150118902
"966",11.5238324035088,101096.663603424
"967",11.7059810109939,121295.016620664
"968",12.0884136658665,177799.833544537
"969",11.5864532388768,107629.84292688
"970",11.7932813381113,132360.07624941
"971",11.6901829627484,119393.849005691
"972",11.8493393892212,139991.836506186
"973",11.8170029147236,135537.402540869
"974",11.758493656339,127834.745288124
"975",11.9125286015009,149123.276438219
"976",11.5378602395247,102524.824606988
"977",11.6900182441861,119374.18424215
"978",11.7550684459637,127397.633419649
"979",11.5452688668233,103287.213461651
"980",11.7510773285151,126890.187813085
"981",11.3481219347664,84806.0305956727
"982",11.5880660818727,107803.573027227
"983",11.6031368220046,109440.556957803
"984",11.7220286738636,123257.2204379
"985",11.4057626583572,89837.9398976246
"986",11.6458940572183,114221.412338967
"987",11.9852293397064,160368.462893563
"988",11.6936769274957,119811.736522162
"989",11.5914969157634,108174.064362805
"990",11.8749056869313,143617.053704265
"991",11.6344042885749,112916.545401789
"992",12.1516064868006,189398.111135804
"993",11.4312788415565,92159.7572164828
"994",11.4734594509153,96130.2624213633
"995",11.4572588207767,94585.4389394433
"996",11.7601096278991,128041.48960238
"997",11.89171624737,146051.743782292
"998",11.7177123733143,122726.351748212
"999",11.6318605386423,112629.678959968
"1000",11.8731681308769,143367.727694771
"1001",11.7215407257363,123197.09197898
"1002",11.8323390129841,137632.038179206
"1003",11.7429028364521,125857.152999855
"1004",12.0670959587045,174049.663294495
"1005",11.8538339515076,140622.454649609
"1006",11.7795787132115,130558.765301688
"1007",11.7004621232872,120627.446860232
"1008",11.4212993054183,91244.619508722
"1009",11.4823793835776,96991.5735969555
"1010",12.1777252525549,194410.124916284
"1011",12.1149252676444,182576.632438866
"1012",12.0732421342841,175122.69723431
"1013",11.633027162837,112761.152143476
"1014",NA,NA
"1015",12.1386871539998,186966.952197045
"1016",11.7011924867875,120715.580925586
"1017",11.8023949245873,133571.864732515
"1018",11.989676527089,161083.239693455
"1019",11.6691041889733,116903.511905634
"1020",11.9105979431148,148835.648079409
"1021",11.7567618291499,127613.549192508
"1022",11.7156639799788,122475.21720618
"1023",11.7016473410006,120770.501405618
"1024",11.7740004627978,129832.503333942
"1025",11.7009676774904,120688.445990897
"1026",11.9769699545308,159049.372923313
"1027",11.958926752171,156205.347720888
"1028",11.9150227919693,149495.68252573
"1029",11.9640457613316,157007.014445873
"1030",NA,NA
"1031",11.2690779465734,78360.7110822189
"1032",12.1729894299635,193491.60973389
"1033",11.8450308372243,139389.971912971
"1034",11.7112748186063,121938.831716081
"1035",11.2281117267837,75215.4338903936
"1036",12.3632185396601,234033.264369075
"1037",11.9187515550641,150054.157072125
"1038",11.7178935230469,122748.585607785
"1039",11.3956976270728,88938.2535030909
"1040",11.7774486521882,130280.963137294
"1041",11.7774385654087,130279.64902857
"1042",11.7291094186161,124133.070530828
"1043",11.5430279623963,103056.015830399
"1044",12.0603372125522,172877.272212208
"1045",12.361540670303,233640.91637263
"1046",12.4591376361333,257593.395973107
"1047",12.6874299409269,323653.876364125
"1048",12.4644863406452,258974.878208992
"1049",12.3212026659479,224403.862701628
"1050",12.326334778576,225558.488900783
"1051",12.146749700828,188480.475230803
"1052",12.2465295807993,208257.293203106
"1053",12.2463171023009,208213.047706932
"1054",12.719453200995,334186.066106088
"1055",12.0059355803278,163723.708254401
"1056",11.9974659156925,162342.879186682
"1057",11.8782159126379,144093.246284978
"1058",11.9553008200643,155639.983341205
"1059",12.3564430754497,232452.94012313
"1060",12.2661155438241,212376.419699744
"1061",12.1913130568862,197069.760034226
"1062",12.2382931858239,206549.048426126
"1063",11.6127738551062,110500.337596384
"1064",11.8294353683009,137232.983280501
"1065",11.8616854734158,141730.900733126
"1066",11.9178867402267,149924.444107622
"1067",11.7689832220096,129182.733790746
"1068",11.885487553967,145144.859533263
"1069",11.8943080859237,146430.77730733
"1070",11.7356075980737,124942.336028281
"1071",12.3082201113335,221509.356992493
"1072",12.2969802044787,219033.552423902
"1073",12.2071186838555,200209.317122843
"1074",12.3013836341785,220000.177945753
"1075",12.5529603579468,282931.57358768
"1076",12.2929458252025,218151.668123248
"1077",12.3602471681043,233338.896707266
"1078",12.169854334715,192885.945011964
"1079",12.1030668997616,180424.358016727
"1080",12.1295928994044,185274.335342854
"1081",12.1252299382595,184467.751443185
"1082",12.0196382513863,165982.601463744
"1083",11.6483494095227,114502.210735385
"1084",11.6984735036594,120387.803110863
"1085",11.7474834968734,126434.984293454
"1086",11.8193952473291,135862.041255285
"1087",11.8727247992972,143304.182340454
"1088",11.935268932403,152553.240540906
"1089",11.9331300774462,152227.299980251
"1090",14.1252946186787,1363130.72887292
"1091",11.8671336310595,142505.180306684
"1092",11.7165764766652,122587.026441067
"1093",11.2095060525651,73828.9383700282
"1094",11.346671586065,84683.1214314459
"1095",11.6071166003942,109876.973966798
"1096",11.5197320863665,100682.98390918
"1097",11.4961864632875,98340.0316971057
"1098",11.6944090573759,119899.486392701
"1099",12.0028550029008,163220.120762868
"1100",11.9892036084082,161007.078430695
"1101",11.9514941910126,155048.645874264
"1102",11.8978700766588,146953.292423965
"1103",12.0071668779072,163925.425021262
"1104",12.2347419494726,205816.844820563
"1105",11.8046460671413,133872.892742589
"1106",12.0860444964521,177379.094215176
"1107",11.9895068257033,161055.905963815
"1108",12.2824190239474,215867.273647857
"1109",12.3988113153818,242513.174418211
"1110",11.6967496945454,120180.456283158
"1111",12.3703094441563,235698.669531958
"1112",11.99145211601,161369.511384417
"1113",12.3736671277783,236491.401220694
"1114",12.6726913620962,318918.659097238
"1115",11.8255225722525,136697.067753625
"1116",11.7224158915953,123304.957060842
"1117",NA,NA
"1118",11.4087950072181,90110.7733263446
"1119",10.8833091558483,53279.6190831431
"1120",11.312840844253,81866.147442567
"1121",11.3019203755284,80976.9945593754
"1122",11.3154356521259,82078.85020854
"1123",12.5599673052881,284921.022065677
"1124",12.0233127673543,166593.629111151
"1125",12.0976742632271,179454.013740478
"1126",12.2413778269105,207187.161776665
"1127",12.1898666802699,196784.928977685
"1128",11.8699383418777,142905.427153504
"1129",11.9164947542555,149715.896565972
"1130",12.1902269603353,196855.8394378
"1131",12.2333401296265,205528.528813595
"1132",12.4001136613593,242829.216228641
"1133",12.5101020453972,271061.780281075
"1134",12.1661441302364,192171.624671606
"1135",12.2477927039917,208520.5140253
"1136",12.5658255962054,286595.071046624
"1137",12.1984136760879,198474.057145685
"1138",12.49579945497,267212.487703552
"1139",13.0033501937171,443898.048129365
"1140",11.7335548178375,124686.119937859
"1141",11.8067639375262,134156.718624592
"1142",11.388265451652,88279.6990788321
"1143",11.4037425842872,89656.6437821778
"1144",11.3808626237363,87628.5926460178
"1145",11.3926106556136,88664.1269809608
"1146",11.8973325702909,146874.325318073
"1147",12.0986919682407,179636.737953873
"1148",11.9040125863597,147858.732438417
"1149",11.8936072746684,146328.192920813
"1150",11.639593708187,113504.039796057
"1151",11.9493978232084,154723.94734765
"1152",11.9524171052875,155191.808536111
"1153",11.6921154771451,119624.802426297
"1154",11.7200406159917,123012.421368522
"1155",11.9231541264831,150716.237574299
"1156",11.8268357699986,136876.695952763
"1157",12.1780125157081,194465.979803919
"1158",12.0871065342771,177567.577593119
"1159",12.2742712687012,214115.585789095
"1160",12.040968939433,169561.155380076
"1161",12.1146174149012,182520.434372538
"1162",12.1140982424116,182425.699378259
"1163",12.4615154138448,258206.6245804
"1164",12.6121841162692,300193.971470452
"1165",12.8234371298069,370807.051620002
"1166",11.9789114670023,159358.469224493
"1167",12.1619369581072,191364.823933103
"1168",13.0319618558925,456782.147950974
"1169",13.3204185950408,609514.851951129
"1170",12.8219232495899,370246.118859862
"1171",13.1606544855424,519516.83000549
"1172",12.9997386751653,442297.79350744
"1173",12.5433810922711,280234.236755449
"1174",12.8592410128839,384323.918166266
"1175",11.9454730911031,154117.887393464
"1176",12.1632703827623,191620.16470847
"1177",12.0364123917118,168790.299438595
"1178",12.4633572328358,258682.632670953
"1179",12.1620796324007,191392.128721953
"1180",11.8982887914017,147014.83681789
"1181",11.7131539192726,122168.182475094
"1182",12.1443107261303,188021.336262458
"1183",11.6411365003338,113679.288088373
"1184",11.6660185343191,116543.344002687
"1185",11.5306845283429,101791.769318626
"1186",11.507676284733,99476.4572635027
"1187",11.5521944930496,104005.0248737
"1188",11.8564913637126,140996.643443625
"1189",11.8787041913646,144163.621131672
"1190",11.8157492895507,135367.59590035
"1191",11.8882431901264,145545.377544061
"1192",12.9633018682029,426471.946728934
"1193",12.5184345523635,273329.840645243
"1194",12.5571526373461,284120.191563543
"1195",12.9278572484509,411620.566317239
"1196",12.7455001648156,343004.952498731
"1197",12.7626334095478,348932.373271726
"1198",12.6887441951367,324079.519474034
"1199",12.6305815239868,305767.877858888
"1200",12.8049704244663,364022.305819891
"1201",12.710115409526,331080.030633741
"1202",12.7602558413428,348103.748201978
"1203",12.5473072746104,281336.650188589
"1204",12.5499114540122,282070.256104117
"1205",12.668483406574,317579.483137041
"1206",12.5464724068573,281101.869310724
"1207",12.0704503909438,174634.481414293
"1208",12.1478335787556,188684.87581032
"1209",12.1441206638856,187985.603901048
"1210",12.5492685799414,281888.97872583
"1211",12.16170189472,191319.846355898
"1212",12.1245275458154,184338.228181784
"1213",12.1400950725211,187230.371825089
"1214",12.1339870313666,186090.246519415
"1215",12.0511790492166,171301.26161277
"1216",12.1750458648402,193889.922039791
"1217",12.1761372779998,194101.651573388
"1218",12.4281972654817,249745.396892909
"1219",12.4913930071524,266037.620217411
"1220",12.5692069206273,287565.782179308
"1221",12.9201179667221,408447.21436091
"1222",12.7117983485506,331637.687256961
"1223",13.1551612269861,516670.813842009
"1224",12.6390732773505,308375.438977939
"1225",12.6990841145156,327447.859751023
"1226",12.4490031559903,254996.004652984
"1227",12.5282013906771,276012.488172389
"1228",12.3031738576996,220394.380188748
"1229",12.2921280661238,217973.345538494
"1230",12.914158185549,406020.197770224
"1231",12.2196535366107,202734.706056202
"1232",11.9486440929953,154607.37117285
"1233",12.277054804511,214712.414451203
"1234",11.8710462169748,143063.836250027
"1235",12.2055634159092,199898.180002878
"1236",12.1664266652655,192225.927558055
"1237",12.2014670861964,199081.005998355
"1238",12.0725683620165,175004.74415871
"1239",12.0643150254754,173566.315193233
"1240",11.9785825713388,159306.065533163
"1241",11.8910150496449,145949.368528641
"1242",11.7105674942738,121852.611909599
"1243",11.6963523111209,120132.708049693
"1244",11.855858096838,140907.383205661
"1245",11.7409316859507,125609.313953887
"1246",11.5980349565865,108883.627861593
"1247",11.6502308830877,114717.846410824
"1248",11.7991132944885,133134.249718887
"1249",11.5173063377127,100439.048279379
"1250",11.7193507832962,122927.592640486
"1251",12.5206323033664,273931.212167016
"1252",12.8172324548966,368513.437334056
"1253",12.0973741645368,179400.167905918
"1254",11.9754405285513,158806.304605214
"1255",12.0523701934355,171505.427691702
"1256",11.9605719402861,156462.546414577
"1257",12.2010098154896,198989.992896434
"1258",12.3724968575406,236214.804250539
"1259",11.8973474352753,146876.508618852
"1260",12.0354353769193,168625.469353039
"1261",11.7864614776846,131460.470084315
"1262",11.9554193793439,155658.436999399
"1263",11.8115370609958,134798.595867897
"1264",11.718848903979,122865.913303317
"1265",11.7678776808771,129039.995880781
"1266",11.9069920908727,148299.935155353
"1267",11.9554040943651,155656.057781677
"1268",12.020313217313,166094.671881761
"1269",11.8595961917322,141435.094077544
"1270",11.8454944038366,139454.603429389
"1271",11.6390714868386,113444.781037787
"1272",11.7066165794709,121372.132413227
"1273",11.9084536352184,148516.840556861
"1274",11.7257639932853,123718.486478943
"1275",11.7627182876576,128375.942330747
"1276",11.8245820877962,136568.566722269
"1277",11.705846728331,121278.729896364
"1278",11.9439351443857,153881.044467048
"1279",11.9752203319528,158771.339846826
"1280",11.8575353723142,141143.922018855
"1281",11.8207555450034,136046.97983127
"1282",11.9136800724104,149295.086451108
"1283",11.8971836523252,146852.454720838
"1284",11.8939032496629,146371.508816806
"1285",11.810788274887,134697.698331868
"1286",11.7866724820741,131488.211747257
"1287",11.8756561705882,143724.876410446
"1288",11.7122779976409,122061.219573766
"1289",11.7378114264251,125217.99112741
"1290",11.7029648703604,120929.724954829
"1291",11.7275405768432,123938.478066689
"1292",11.9664882179384,157390.965967204
"1293",11.9796102995848,159469.873036866
"1294",12.2184503251181,202490.920020429
"1295",11.8815899869363,144580.248733052
"1296",11.5027120015033,98983.8516834275
"1297",11.3326614979279,83504.9756701692
"1298",11.4243085398127,91519.609503215
"1299",11.8026300634338,133603.276359619
"1300",11.7246226266763,123577.358884046
"1301",11.8862418724619,145254.386289092
"1302",11.8956900514203,146633.279482486
"1303",12.0628042704303,173304.296979387
"1304",11.92344690216,150760.370082931
"1305",12.4030892643853,243552.855677162
"1306",11.8016251894248,133469.089331501
"1307",11.4232938062603,91426.7885869593
"1308",11.8303390371279,137357.052499827
"1309",11.8081633628949,134344.592366997
"1310",11.8545073748664,140717.184988584
"1311",11.6199173619548,111292.523639242
"1312",11.6973967761247,120258.248008698
"1313",11.9511582854238,154996.572913867
"1314",11.8174012480074,135591.402353752
"1315",11.5973704655363,108811.29969873
"1316",11.8046285398313,133870.54633146
"1317",11.8018529352197,133499.489817003
"1318",11.4953578539124,98258.5799753896
"1319",11.6678522854375,116757.251556757
"1320",11.4079903035099,90038.290020611
"1321",11.4881663873941,97554.4914363867
"1322",11.4907967602202,97811.4338988172
"1323",11.5434488041787,103099.395235074
"1324",11.7062883048434,121332.29556075
"1325",11.7594275285067,127954.182359613
"1326",11.2251863161777,74995.7193966042
"1327",11.699150190772,120469.295555073
"1328",11.3473084687676,84737.0718248997
"1329",12.161046597654,191194.516090684
"1330",11.3066480238978,81360.731688038
"1331",11.7005217355356,120634.637947896
"1332",10.9524187366496,57091.9689362464
"1333",11.9394988931263,153199.901467567
"1334",11.4344738783148,92454.6819251783
"1335",11.77194922667,129566.459165527
"1336",11.6381960123512,113345.506488775
"1337",12.2976346351811,219176.9416195
"1338",11.5168895576462,100397.196008362
"1339",11.5823389583458,107187.933253112
"1340",11.2373033898448,75909.9759239342
"1341",11.5349301456413,102224.856926857
"1342",11.7443968894276,126045.330792579
"1343",12.0860096152775,177372.907131935
"1344",11.6729390023308,117352.675733911
"1345",11.3501031297226,84974.2144232052
"1346",11.6237394458161,111718.706933053
"1347",12.3011426926174,219947.177144736
"1348",11.8388246788935,138527.574532924
"1349",11.8291170014531,137189.299802256
"1350",11.6923392492393,119651.574114119
"1351",11.9435872931827,153827.526069357
"1352",11.9937454429679,161740.009108896
"1353",12.1420866354833,187603.624453704
"1354",12.1304306371988,185429.611687256
"1355",11.2652934682508,78064.7171144319
"1356",12.273360584348,213920.682836352
"1357",11.9653289032569,157208.606036324
"1358",11.7576727556617,127729.848719861
"1359",12.0508581814484,171246.305376583
"1360",11.7458760213789,126231.906419636
"1361",11.2287914239333,75266.5749846738
"1362",12.0033023918539,163293.15997907
"1363",12.7694669192822,351324.971652725
"1364",11.9731863161995,158448.724653834
"1365",11.7738670469978,129815.182782083
"1366",11.7882723185506,131698.739744928
"1367",11.8821830700981,144666.022277004
"1368",12.3127656813044,222518.535181285
"1369",12.158964766078,190796.895343251
"1370",12.4585023035379,257429.790469731
"1371",12.0622411028448,173206.725094148
"1372",12.380885684013,238204.704046159
"1373",12.5001897253193,268388.201728029
"1374",12.3152297541193,223067.513137696
"1375",12.2981948968288,219299.772459445
"1376",12.1895376966913,196720.200615401
"1377",11.9815008976028,159771.651643886
"1378",11.9113113650984,148941.868588203
"1379",12.0439838634241,170073.140786129
"1380",12.222979139371,203410.043483879
"1381",12.200356774422,198860.08668069
"1382",12.2527649196333,209559.904883073
"1383",11.8865908541947,145305.086262676
"1384",12.0614869317668,173076.14683692
"1385",11.6793607343272,118108.70808697
"1386",12.2278545876389,204404.180089621
"1387",12.2083224678079,200450.471005384
"1388",12.2331402289878,205487.447635624
"1389",12.2546967651039,209965.133529683
"1390",12.4434781415481,253591.032863281
"1391",12.2755768890768,214395.322035561
"1392",12.2962758462413,218879.328657752
"1393",12.2949049921635,218579.482607061
"1394",11.8041293034492,133803.729964208
"1395",12.1919281649467,197191.016521213
"1396",12.2599724756715,211075.77594136
"1397",12.1806486207152,194979.28881798
"1398",12.1785464859749,194569.846583465
"1399",11.593436721787,108384.104717366
"1400",11.8036681937432,133742.045988259
"1401",11.7137468629557,122240.642807493
"1402",12.1968321831714,198160.419903102
"1403",11.7920728096174,132200.211945543
"1404",12.4807221797798,263213.871359906
"1405",11.8714723930523,143124.819628503
"1406",11.8738781793737,143469.561883638
"1407",11.5159279295468,100300.69764878
"1408",11.7058445349649,121278.46388801
"1409",11.5248511498897,101199.707942709
"1410",11.6952165258901,119996.340550913
"1411",11.3585101632681,85691.606840092
"1412",11.1391499773908,68813.1388531048
"1413",11.5056840852853,99278.477593263
"1414",11.8346317647729,137947.956303475
"1415",11.601606093172,109273.161293179
"1416",11.9271816274945,151324.471382535
"1417",11.83734685168,138323.005909239
"1418",12.0157003875816,165330.269824762
"1419",11.7929374230392,132314.56345096
"1420",11.6436667030909,113967.283926803
"1421",11.9278499756188,151425.64261418
"1422",12.1305248683512,185447.085756526
"1423",12.1676473559124,192460.719224756
"1424",12.2104242655149,200872.220406413
"1425",12.0892331150925,177945.591192847
"1426",12.2710053497393,213417.442298018
"1427",11.4364754023006,92639.9175035444
"1428",11.7780154242967,130354.823682537
"1429",11.1243278771336,67800.7053409723
"1430",11.3661318824867,86347.2194808053
"1431",11.9352256474148,152546.637418596
"1432",10.4203640902255,33535.6419227741
"1433",10.9537375475839,57167.312119926
"1434",10.7493209756598,46598.3762767352
"1435",12.6788558440043,320890.699460026
"1436",12.5419265156412,279826.910898922
"1437",12.1749791783823,193876.992638781
"1438",12.0469675517209,170581.343808578
"1439",12.2864676366454,216743.008191845
"1440",11.9743216112909,158628.712863705
"1441",12.0977533240654,179468.20208609
"1442",12.1770443446569,194277.794584282
"1443",12.5858473384307,292391.032689432
"1444",12.7286853212826,337285.597676017
"1445",NA,NA
"1446",12.0844209802037,177091.350015486
"1447",11.5441157530127,103168.180191994
"1448",11.7263410587704,123789.900750727
"1449",12.0455114368771,170333.138533316
"1450",11.2711545011567,78523.6004417533
"1451",11.4384216477057,92820.3930852246
"1452",11.9247548974985,150957.692964792
"1453",11.3043303969871,81172.3862083881
"1454",11.3307064276826,83341.8770634727
"1455",11.3307064276826,83341.8770634727
"1456",11.3532973405397,85246.0739352393
"1457",11.8162181827398,135431.083727443
"1458",11.7702456176371,129345.916487928
"1459",12.3201844172918,224175.480064902
